<?xml version="1.0" encoding="utf-8"?>
<extension type="plugin" group="webservices" method="upgrade">
	<name>plg_webservices_jobs</name>
	<author>Alikon</author>
		<creationDate>October 2019</creationDate>
		<copyright>(C) 2020 Alikon. All rights reserved.</copyright>
		<license>GNU General Public License version 2 or later; see LICENSE.txt</license>
		<authorEmail>nicola.galgano@community.joomla.org</authorEmail>
		<authorUrl>www.alikonweb.it</authorUrl>
		<version>0.0.1</version>
		<description>PLG_WEBSERVICES_JOBS_XML_DESCRIPTION</description>
		<files>
			<filename plugin="jobs">jobs.php</filename>
		</files>
	<languages>
		<language tag="en-GB">language/en-GB/en-GB.plg_webservices_jobs.ini</language>
		<language tag="en-GB">language/en-GB/en-GB.plg_webservices_jobs.sys.ini</language>
	</languages>
	<config>
		<fields name="params">
			<fieldset name="basic">
				<field
					name="id"
					type="text"
					default="v1/jobs"
					readonly="true"
					class="readonly"
				/>
				<field
					name="id2"
					type="text"
					default="v1/jobs/start"
					readonly="true"
					class="readonly"
				/>
				<field
					name="id3"
					type="text"
					default="v1/jobs/:name/start"
					readonly="true"
					class="readonly"
				/>
			</fieldset>
			<fieldset name="advanced">
				<field
					name="restverbs"
					readonly="true"
					type="list"
					label="PLG_WEBSERVICES_JOBS_ALLOWEDVERBS_LABEL"
					multiple="true"
					default=""
					layout="joomla.form.field.list-fancy-select"
					>
					<option value="GET">GET</option>
				</field>
				<field
					name="public"
					type="radio"
					label="PLG_WEBSERVICES_JOBS_PUBLIC_LABEL"
					layout="joomla.form.field.radio.switcher"
					default="0"
					filter="boolean"
					readonly="true"
					>
					<option value="0">JNO</option>
					<option value="1">JYES</option>
				</field>
				<field
					name="taskid"
					type="hidden"
					default="0"
					size="15"
				/>
				<field
					name="limit"
					type="number"
					label="PLG_WEBSERVICES_JOBS_LIMIT_LABEL"
					default="0"
					filter="integer"
					readonly="true"
				/>
			</fieldset>
		</fields>
	</config>
	<updateservers>
		<server type="extension" name="Jobs Webservices">https://raw.githubusercontent.com/alikon/testcom/main/plugins/webservices/jobs/manifest.xml</server>
	</updateservers>
</extension>

