<?xml version="1.0" encoding="UTF-8"?>
<extension type="module" client="site" method="upgrade">
	<name>mod_codeapi</name>
	<author>Alikon</author>
	<creationDate>December 2023</creationDate>
	<copyright>(C) 2005 Alikonweb</copyright>
	<license>GNU General Public License version 2 or later; see LICENSE.txt</license>
	<authorEmail>admin@alikonweb.it</authorEmail>
	<authorUrl>www.alikonweb.it</authorUrl>
	<version>1.0.0</version>
	<description>MOD_CODEAPI_XML_DESCRIPTION</description>
	<namespace path="src">Joomla\Module\Codeapi</namespace>
	<customContent />
	<files>
		<folder module="mod_codeapi">services</folder>
		<folder>src</folder>
		<folder>tmpl</folder>
		<folder>language</folder>
	</files>
	<help key="Site_Modules:_Custom" />
	<config>
		<fields name="params">
			<fieldset name="options" label="COM_MODULES_BASIC_FIELDSET_LABEL">
			
				<field
					name="prepare_content"
					type="radio"
					layout="joomla.form.field.radio.switcher"
					label="MOD_CODEAPI_FIELD_PREPARE_CONTENT_LABEL"
					description="MOD_CODEAPI_FIELD_PREPARE_CONTENT_DESC"
					default="0"
					filter="integer"
					>
					<option value="0">JNO</option>
					<option value="1">JYES</option>
				</field>
			</fieldset>
			<fieldset name="advanced">
				<field
					name="layout"
					type="modulelayout"
					label="JFIELD_ALT_LAYOUT_LABEL"
					class="form-select"
					validate="moduleLayout"
				/>
				<field
					name="list_available"
					type="list"
					label="Languages"
					default="php"
					validate="options"
				>
					<option value="sql">SQL</option>
					<option value="python">Python</option>
					<option value="php">PHP</option>
					<option value="javascript">Javascript</option>
					<option value="fetch">Fetch</option>
				</field>
				<field
					name="startcode"
					type="textarea"
					label="Create Tables"
					rows="15"
					cols="30"
					filter="raw"
					showon="list_available:sql"
				/>
				<field
					name="moduleclass_sfx"
					type="textarea"
					label="COM_MODULES_FIELD_MODULECLASS_SFX_LABEL"
					rows="3"
					validate="CssIdentifier"
				/>

				<field
					name="cache"
					type="list"
					label="COM_MODULES_FIELD_CACHING_LABEL"
					default="1"
					filter="integer"
					validate="options"
					>
					<option value="1">JGLOBAL_USE_GLOBAL</option>
					<option value="0">COM_MODULES_FIELD_VALUE_NOCACHING</option>
				</field>

				<field
					name="cache_time"
					type="number"
					label="COM_MODULES_FIELD_CACHE_TIME_LABEL"
					default="900"
					filter="integer"
				/>

				<field
					name="cachemode"
					type="hidden"
					default="static"
					>
					<option value="static"></option>
				</field>
			</fieldset>
		</fields>
	</config>
</extension>
