<?xml version="1.0" encoding="utf-8"?>
<extension type="plugin" group="system" method="upgrade">
	<name>plg_system_scheduler</name>
	<author>Alikon</author>
	<creationDate>October 2020</creationDate>
	<copyright>Copyright (C) 2020 Alikon. All rights reserved.</copyright>
	<license>GNU General Public License version 2 or later; see LICENSE.txt</license>
	<authorEmail>nicola.galgano@community.joomla.org</authorEmail>
	<authorUrl>www.alikonweb.it</authorUrl>
	<version>0.0.1</version>
	<description>PLG_SYSTEM_SCHEDULER_XML_DESCRIPTION</description>
	<files>
		<filename plugin="scheduler">scheduler.php</filename>
		<folder>language</folder>
	</files>
	<config>
		<fields name="params">
			<fieldset name="basic">
				<field
					name="timeout"
					type="integer"
					label="PLG_SYSTEM_SCHEDULER_TIMEOUT_LABEL"
					first="0"
					last="5"
					step="1"
					default="3"
					filter="int"
					validate="number"
				/>

				<field
					name="webcron"
					type="radio"
					label="PLG_SYSTEM_SCHEDULER_WEBCRON_LABEL"
					layout="joomla.form.field.radio.switcher"
					default="0"
					filter="integer"
					>
					<option value="0">JNO</option>
					<option value="1">JYES</option>
				</field>

				<field
					name="webcronkey"
					type="text"
					label="PLG_SYSTEM_SCHEDULER_WEBCRONKEY_LABEL"
					default=""
					size="30"
					showon="webcron:1"
				/>

				<field
					name="lastrun"
					type="hidden"
					default="0"
					size="15"
				/>

				<field
					name="unit"
					type="hidden"
					default="60"
					filter="integer"
					validate="number"
				/>

				<field
					name="taskid"
					type="hidden"
					default="0"
					size="15"
				/>
			</fieldset>
		</fields>
	</config>
	<updateservers>
		<server type="extension" name="Systen Scheduler">https://raw.githubusercontent.com/alikon/testcom/main/plugins/system/scheduler/manifest.xml</server>
	</updateservers>
</extension>
