<?xml version="1.0" encoding="utf-8"?>
<extension type="plugin" group="console" method="upgrade">
	<name>plg_console_job</name>
	<version>0.0.1</version>
	<creationDate>March 2021</creationDate>
	<author>Alikon</author>
	<authorEmail>nicola.galgano@community.joomla.org</authorEmail>
	<authorUrl>www.alikonweb.it</authorUrl>
	<copyright>Copyright (C) 2021 Alikon. All rights reserved.</copyright>
	<license>GNU General Public License version 3, or later</license>
	<description>PLG_CONSOLE_JOB_XML_DESCRIPTION</description>
	<namespace path="src">Joomla\Plugin\Console\Job</namespace>
	<files>
		<filename plugin="job">job.php</filename>
		<folder>language</folder>
		<folder>services</folder>
		<folder>src</folder>
	</files>
	<config>
		<fields name="params">
			<fieldset name="basic">
				<field
					name="id1"
					type="text"
					default="php cli/joomla.php jobs:list"
					readonly="true"
					class="readonly"
				/>
				<field
					name="id2"
					type="text"
					default="php cli/joomla.php jobs:run"
					readonly="true"
					class="readonly"
				/>
				<field
					name="id3"
					type="text"
					default="php cli/joomla.php jobs:run --force"
					readonly="true"
					class="readonly"
				/>
				<field
					name="id4"
					type="text"
					default="php cli/joomla.php jobs:run --jobname cleancache --force"
					readonly="true"
					class="readonly"
				/>
			</fieldset>
		</fields>
	</config>
	<updateservers>
		<server type="extension" name="Job Console">https://raw.githubusercontent.com/alikon/testcom/main/plugins/console/job/manifest.xml</server>
	</updateservers>
</extension>
