<?xml version="1.0" encoding="utf-8"?>
<extension type="module" client="site" method="upgrade">
	<name>mod_contact</name>
	<author>Joomla! Project</author>
	<creationDate>2023-01</creationDate>
	<copyright>(C) 2006 Open Source Matters, Inc.</copyright>
	<license>GNU General Public License version 2 or later; see LICENSE.txt</license>
	<authorEmail>admin@joomla.org</authorEmail>
	<authorUrl>www.joomla.org</authorUrl>
	<version>1.0.0</version>
	<description>MOD_CONTACT_XML_DESCRIPTION</description>
	<namespace path="src">Joomla\Module\Contact</namespace>
	<files>
		<filename module="mod_contact">mod_contact.php</filename>
		<folder>src</folder>
		<folder>tmpl</folder>
		<folder>language</folder>
	</files>
	<languages>
		<language tag="en-GB">language/en-GB/mod_contact.ini</language>
		<language tag="en-GB">language/en-GB/mod_contact.sys.ini</language>
	</languages>
	<help key="Site_Modules:_Contact" />
	<config>
		<fields name="params">
			<fieldset name="basic">
				<field
					name="catid"
					type="category"
					label="JCATEGORY"
					extension="com_contact"
					multiple="true"
					filter="intarray"
					layout="joomla.form.field.list-fancy-select"
				/>

				<field
					name="count"
					type="number"
					label="MOD_CONTACT_FIELD_COUNT_LABEL"
					default="5"
					filter="integer"
				/>
			</fieldset>

			<fieldset name="advanced">
				<field
					name="layout"
					type="modulelayout"
					label="JFIELD_ALT_LAYOUT_LABEL"
					class="form-select"
					validate="moduleLayout"
				/>

				<field
					name="moduleclass_sfx"
					type="textarea"
					label="COM_MODULES_FIELD_MODULECLASS_SFX_LABEL"
					rows="3"
					validate="CssIdentifier"
				/>
				<field
					name="cache"
					type="list"
					label="COM_MODULES_FIELD_CACHING_LABEL"
					default="1"
					filter="integer"
					validate="options"
					>
					<option value="1">JGLOBAL_USE_GLOBAL</option>
					<option value="0">COM_MODULES_FIELD_VALUE_NOCACHING</option>
				</field>

				<field
					name="cache_time"
					type="number"
					label="COM_MODULES_FIELD_CACHE_TIME_LABEL"
					default="900"
					filter="integer"
				/>
			</fieldset>
		</fields>
	</config>
</extension>
